{"cameraMode":{"drawMode":0,"name":"Shaded","section":"Shading Mode"},"sceneLighting":true,"audioPlay":false,"sceneViewState":{"m_AlwaysRefresh":false,"showFog":true,"showSkybox":true,"showFlares":true,"showImageEffects":true,"showParticleSystems":true,"showVisualEffectGraphs":true,"m_FxEnabled":true},"in2DMode":false,"pivot":{"x":6.599999904632568,"y":0.6667962074279785,"z":6.820000171661377},"rotation":{"x":0.12932343780994416,"y":0.0564894825220108,"z":-0.0073791551403701309,"w":0.9899672865867615},"size":8.91890811920166,"orthographic":false}