{"cameraMode":{"drawMode":0,"name":"Shaded","section":"Shading Mode"},"sceneLighting":true,"audioPlay":false,"sceneViewState":{"m_AlwaysRefresh":false,"showFog":true,"showSkybox":true,"showFlares":true,"showImageEffects":true,"showParticleSystems":true,"showVisualEffectGraphs":true,"m_FxEnabled":true},"in2DMode":false,"pivot":{"x":3.578073501586914,"y":4.092223167419434,"z":-1.6178834438323975},"rotation":{"x":0.057421404868364337,"y":0.2532499432563782,"z":-0.015060927718877793,"w":0.9655816555023193},"size":8.90697956085205,"orthographic":false}