{"cameraMode":{"drawMode":0,"name":"Shaded","section":"Shading Mode"},"sceneLighting":true,"audioPlay":false,"sceneViewState":{"m_AlwaysRefresh":false,"showFog":true,"showSkybox":true,"showFlares":true,"showImageEffects":true,"showParticleSystems":true,"showVisualEffectGraphs":true,"m_FxEnabled":true},"in2DMode":false,"pivot":{"x":8.660565376281739,"y":-2.294825792312622,"z":16.207109451293947},"rotation":{"x":0.09308546036481857,"y":0.27123185992240908,"z":-0.026365114375948907,"w":0.9576438665390015},"size":12.347525596618653,"orthographic":false}